Customer_ID,Name,Gender,Age,City,Account_Type,Account_Open_Date
CUST0001,Allison Hill,Male,23,Coimbatore,Savings,06-10-2023
CUST0002,Noah Rhodes,Male,60,Erode,Current,13-12-2019
CUST0003,Angie Henderson,Female,31,Salem,Savings,28-12-2016
CUST0004,Daniel Wagner,Male,59,Erode,Savings,12-09-2024
CUST0005,Cristian Santos,Male,58,Salem,Current,13-01-2022
CUST0006,Connie Lawrence,Male,56,Madurai,Current,02-08-2018
CUST0007,Abigail Shaffer,Male,19,Tirunelveli,Current,02-10-2021
CUST0008,Gina Moore,Male,21,Salem,Savings,06-12-2021
CUST0009,Gabrielle Davis,Female,68,Chennai,Savings,22-09-2021
CUST0010,Ryan Munoz,Male,39,Tirunelveli,Current,13-08-2018
CUST0011,Monica Herrera,Male,33,Tirunelveli,Savings,09-01-2023
CUST0012,Jamie Arnold,Male,26,Chennai,Savings,14-03-2016
CUST0013,Lisa Hensley,Male,68,Chennai,Current,03-12-2019
CUST0014,Michele Williams,Male,54,Chennai,Savings,03-12-2022
CUST0015,Dylan Miller,Male,31,Erode,Savings,09-05-2023
CUST0016,Brian Ramirez,Male,22,Tirunelveli,Current,03-12-2019
CUST0017,Holly Wood,Female,66,Salem,Current,16-04-2019
CUST0018,Derek Zuniga,Male,53,Madurai,Current,04-01-2020
CUST0019,Lisa Jackson,Female,31,Erode,Savings,15-01-2025
CUST0020,Carla Gray,Female,55,Coimbatore,Current,28-06-2016
CUST0021,Margaret Hawkins DDS,Male,31,Tirunelveli,Current,05-01-2018
CUST0022,Patty Perez,Male,70,Salem,Current,31-01-2017
CUST0023,Ethan Adams,Female,32,Trichy,Savings,24-11-2016
CUST0024,Tommy Walter,Female,39,Salem,Current,16-04-2021
CUST0025,Matthew Foster,Female,67,Erode,Current,26-08-2024
CUST0026,Judy Baker,Male,27,Chennai,Current,26-06-2022
CUST0027,Justin Baker,Male,68,Trichy,Savings,24-04-2019
CUST0028,Stephanie Ross,Female,56,Erode,Current,09-11-2024
CUST0029,Zachary Hicks,Male,18,Salem,Savings,23-06-2016
CUST0030,Anthony Rodriguez,Male,35,Madurai,Current,10-01-2022
CUST0031,Rebecca Henderson,Female,27,Erode,Savings,01-05-2024
CUST0032,James Ferrell,Male,26,Madurai,Savings,25-07-2022
CUST0033,Tricia Valencia,Female,52,Trichy,Savings,20-07-2024
CUST0034,Nathan Maldonado,Female,34,Coimbatore,Current,09-07-2023
CUST0035,Debra Davidson,Female,69,Tirunelveli,Savings,08-03-2025
CUST0036,Jeffrey Chavez,Male,29,Tirunelveli,Current,14-06-2019
CUST0037,Sherri Baker,Female,25,Erode,Savings,18-07-2023
CUST0038,Cassandra Gaines,Male,60,Trichy,Current,11-07-2020
CUST0039,Elizabeth Fowler,Female,19,Madurai,Current,13-10-2016
CUST0040,Brittany Farmer,Male,26,Trichy,Current,27-02-2022
CUST0041,Paula Moreno,Female,18,Chennai,Savings,12-01-2016
CUST0042,Fred Smith,Female,40,Erode,Savings,25-12-2023
CUST0043,Sherry Decker,Male,68,Chennai,Savings,27-02-2025
CUST0044,Anthony Humphrey,Male,68,Coimbatore,Current,26-03-2024
CUST0045,Angelica Tucker,Male,33,Trichy,Current,01-03-2025
CUST0046,Philip Cannon,Male,55,Trichy,Current,13-12-2017
CUST0047,John Pierce,Female,38,Trichy,Current,27-06-2017
CUST0048,Shane Henderson,Male,19,Trichy,Savings,30-01-2023
CUST0049,Joshua Blair,Male,29,Coimbatore,Savings,20-05-2018
CUST0050,Eric Carney,Male,34,Madurai,Savings,14-04-2018
CUST0051,Jessica Holmes,Female,21,Salem,Savings,17-01-2019
CUST0052,Danny Morgan,Female,26,Coimbatore,Current,20-09-2018
CUST0053,Crystal Robinson,Female,65,Madurai,Current,03-08-2017
CUST0054,Mark Perez,Female,44,Tirunelveli,Current,02-03-2016
CUST0055,Shannon Jones,Male,51,Erode,Savings,23-08-2022
CUST0056,Michael Lewis,Female,25,Madurai,Savings,09-10-2016
CUST0057,Timothy Duncan,Female,65,Erode,Savings,06-11-2022
CUST0058,Richard Aguirre,Male,22,Tirunelveli,Current,16-11-2018
CUST0059,Brent Jordan,Female,48,Madurai,Savings,15-12-2017
CUST0060,John Daniel,Male,46,Trichy,Current,30-10-2019
CUST0061,Victoria Garcia,Male,67,Coimbatore,Current,17-11-2020
CUST0062,Gerald Hensley,Male,41,Tirunelveli,Savings,31-07-2016
CUST0063,Connor West,Male,50,Madurai,Current,02-12-2016
CUST0064,Donald Wright,Female,55,Salem,Current,16-01-2022
CUST0065,Jessica Callahan,Female,24,Salem,Current,27-11-2024
CUST0066,Amber Kidd,Female,46,Chennai,Savings,15-03-2022
CUST0067,Tracy House,Male,50,Madurai,Savings,31-10-2024
CUST0068,Carol Tucker,Female,32,Coimbatore,Savings,27-12-2020
CUST0069,James Brown,Male,57,Trichy,Current,21-02-2020
CUST0070,William Baker,Male,20,Chennai,Savings,13-04-2024
CUST0071,Jordan Henderson,Male,64,Madurai,Savings,27-03-2023
CUST0072,Whitney Peters,Female,68,Trichy,Current,26-08-2015
CUST0073,Brittney Phillips,Female,60,Coimbatore,Current,09-06-2025
CUST0074,Lauren Daniels,Female,51,Coimbatore,Current,01-05-2024
CUST0075,Amy Silva,Male,37,Chennai,Current,31-07-2022
CUST0076,Sarah Moore,Male,47,Chennai,Savings,10-05-2017
CUST0077,Angela Lopez,Female,59,Madurai,Savings,29-06-2022
CUST0078,Megan Young,Male,19,Trichy,Savings,26-12-2017
CUST0079,Steve Sanchez,Female,21,Tirunelveli,Current,17-12-2017
CUST0080,Lisa Barnes,Female,48,Salem,Current,29-01-2025
CUST0081,Kelly Donovan,Female,43,Trichy,Current,09-05-2025
CUST0082,Mike Allen,Male,45,Coimbatore,Current,22-02-2017
CUST0083,Michael Evans,Female,61,Tirunelveli,Current,28-03-2017
CUST0084,Paul Jones,Male,24,Coimbatore,Savings,05-01-2025
CUST0085,Zachary Ferrell,Male,49,Tirunelveli,Current,27-02-2017
CUST0086,Daniel Baker,Female,63,Madurai,Current,22-04-2020
CUST0087,Shirley Suarez,Female,46,Salem,Savings,21-07-2024
CUST0088,Christopher Bass,Female,22,Erode,Current,16-04-2021
CUST0089,Lisa Archer,Female,23,Madurai,Savings,07-06-2022
CUST0090,Aimee Montoya,Male,38,Coimbatore,Current,08-12-2019
CUST0091,Matthew Mcmillan,Male,56,Tirunelveli,Savings,16-12-2021
CUST0092,Brian Rodriguez,Female,27,Coimbatore,Savings,14-09-2023
CUST0093,Denise Jacobs,Male,22,Trichy,Current,04-03-2025
CUST0094,Christina Walters,Male,26,Salem,Savings,28-06-2023
CUST0095,John Whitehead,Male,35,Trichy,Current,29-01-2016
CUST0096,Anna Henderson,Male,57,Trichy,Current,16-05-2018
CUST0097,Aaron Wise,Male,58,Madurai,Current,16-02-2020
CUST0098,Deborah Figueroa,Female,55,Trichy,Current,18-04-2022
CUST0099,Jessica Smith,Male,53,Chennai,Current,20-11-2017
CUST0100,Stephen Mckee,Female,63,Chennai,Current,11-04-2022
CUST0101,Sandra Aguilar,Female,38,Trichy,Current,06-02-2016
CUST0102,Cameron Parker,Female,42,Salem,Savings,05-03-2022
CUST0103,Rebecca Valencia,Female,56,Trichy,Current,29-01-2021
CUST0104,Christine Wright,Male,51,Coimbatore,Current,26-06-2019
CUST0105,Richard Henson,Male,36,Coimbatore,Savings,12-04-2016
CUST0106,Marc Moore,Female,47,Salem,Current,11-07-2023
CUST0107,Sharon Cherry,Female,50,Madurai,Current,04-01-2020
CUST0108,Sierra Johnson,Male,56,Chennai,Savings,11-10-2021
CUST0109,Evelyn Galvan,Female,45,Chennai,Current,14-10-2015
CUST0110,Sharon Cochran,Female,24,Madurai,Current,10-03-2021
CUST0111,Richard Rodriguez,Male,68,Trichy,Current,06-08-2020
CUST0112,Shannon Walker,Female,62,Salem,Current,24-09-2020
CUST0113,Julia Torres,Male,25,Tirunelveli,Savings,18-03-2020
CUST0114,Crystal Johnson,Female,59,Erode,Current,21-10-2023
CUST0115,Garrett Lin,Male,59,Erode,Current,10-02-2017
CUST0116,Diana May,Male,67,Trichy,Current,27-04-2019
CUST0117,William Herrera,Female,53,Madurai,Current,23-09-2017
CUST0118,Ashley Waller,Male,64,Salem,Current,21-07-2020
CUST0119,Victor Baker,Male,31,Chennai,Savings,24-12-2022
CUST0120,Jeffrey Chandler,Female,45,Tirunelveli,Savings,24-11-2020
CUST0121,Larry Dixon,Male,46,Chennai,Savings,10-01-2020
CUST0122,Kenneth Scott,Male,32,Trichy,Savings,13-07-2022
CUST0123,April Frost,Female,44,Coimbatore,Current,16-12-2016
CUST0124,Michelle Harmon,Female,39,Madurai,Savings,21-08-2018
CUST0125,Helen Jones,Male,70,Erode,Current,15-12-2022
CUST0126,Erin Edwards,Male,47,Madurai,Current,14-01-2019
CUST0127,Michelle Evans,Female,43,Tirunelveli,Savings,15-05-2022
CUST0128,Jason Powell,Female,44,Trichy,Current,07-09-2023
CUST0129,Cameron Fisher,Male,64,Madurai,Current,24-03-2024
CUST0130,Megan Orr,Male,24,Chennai,Savings,20-10-2021
CUST0131,Elizabeth Kelley,Male,38,Trichy,Current,25-05-2016
CUST0132,Dustin Jordan,Male,45,Chennai,Savings,16-03-2024
CUST0133,Mary Marshall,Male,38,Salem,Current,22-02-2018
CUST0134,Daniel Kennedy,Female,60,Salem,Savings,22-07-2016
CUST0135,Rebecca Jackson,Male,34,Coimbatore,Current,25-09-2020
CUST0136,Jose Schultz,Male,41,Madurai,Current,24-01-2024
CUST0137,Robert Potter,Male,27,Salem,Savings,21-04-2022
CUST0138,Courtney Gonzalez,Female,61,Madurai,Current,30-09-2017
CUST0139,David Alvarez,Male,48,Chennai,Current,11-05-2024
CUST0140,Angel Perry,Female,22,Trichy,Current,11-02-2025
CUST0141,Cheyenne Horton,Female,23,Salem,Current,07-12-2015
CUST0142,David Douglas Jr.,Male,23,Trichy,Savings,25-05-2018
CUST0143,Patricia Rodriguez,Male,23,Tirunelveli,Current,20-09-2018
CUST0144,Christopher Rubio,Female,45,Salem,Savings,09-11-2018
CUST0145,Amber Wright,Female,24,Madurai,Savings,03-06-2016
CUST0146,Joyce Solis,Female,65,Tirunelveli,Savings,08-09-2019
CUST0147,Victoria Larson,Female,65,Salem,Current,02-01-2016
CUST0148,Stephanie Salazar,Female,41,Erode,Savings,17-03-2023
CUST0149,Kathy Rivas,Male,69,Salem,Savings,20-04-2016
CUST0150,Stephanie Manning,Male,26,Chennai,Current,28-07-2021
CUST0151,David Wright,Male,53,Coimbatore,Current,30-10-2018
CUST0152,Pamela Boyd,Male,21,Chennai,Current,07-02-2020
CUST0153,Denise Jones,Female,55,Trichy,Savings,15-09-2021
CUST0154,Devon Flores,Male,53,Madurai,Savings,04-05-2023
CUST0155,Brenda Hall,Male,53,Tirunelveli,Savings,13-01-2024
CUST0156,Michelle Brown,Male,39,Madurai,Current,12-03-2022
CUST0157,Joshua Perry,Male,60,Salem,Savings,19-07-2017
CUST0158,Jason Stein,Male,25,Madurai,Savings,17-12-2015
CUST0159,Melissa Gates,Male,44,Tirunelveli,Current,23-07-2019
CUST0160,Jamie Smith,Male,40,Coimbatore,Current,11-10-2021
CUST0161,Paul Castaneda,Male,60,Coimbatore,Current,04-10-2023
CUST0162,Jennifer Adkins,Male,66,Salem,Current,11-01-2023
CUST0163,Lindsey Walker,Female,45,Salem,Savings,18-06-2018
CUST0164,Jeffrey Johnson,Male,64,Trichy,Current,07-07-2023
CUST0165,Michael Powell,Male,21,Salem,Savings,04-06-2025
CUST0166,John Anderson,Female,36,Chennai,Current,26-10-2024
CUST0167,Alyssa Long,Female,56,Chennai,Savings,23-05-2021
CUST0168,Alyssa Day,Male,37,Chennai,Current,19-04-2021
CUST0169,Joel Williams,Male,40,Coimbatore,Current,23-03-2018
CUST0170,Daniel Murphy,Female,24,Erode,Savings,04-11-2019
CUST0171,Jamie Walton,Male,54,Madurai,Savings,23-12-2016
CUST0172,Darlene Miller,Female,50,Tirunelveli,Savings,16-04-2020
CUST0173,Joshua Cooke,Female,31,Trichy,Current,28-11-2015
CUST0174,Matthew Harrington,Male,27,Salem,Current,07-01-2022
CUST0175,Nicole Herring,Male,60,Trichy,Current,14-04-2016
CUST0176,Alex Hernandez,Male,48,Coimbatore,Current,19-03-2018
CUST0177,Michael Elliott,Female,32,Salem,Savings,05-03-2025
CUST0178,Michael Wang,Female,24,Salem,Current,01-02-2019
CUST0179,Lawrence Adkins,Female,40,Coimbatore,Current,17-03-2019
CUST0180,Robert Oconnell,Female,53,Madurai,Current,09-04-2019
CUST0181,Alexander Collins,Female,41,Salem,Savings,16-12-2018
CUST0182,Tina Sanders,Male,25,Madurai,Current,08-01-2020
CUST0183,Angela Vaughn,Male,66,Coimbatore,Current,29-05-2022
CUST0184,Ashley Barton,Male,35,Trichy,Current,04-03-2024
CUST0185,Lindsay Martinez,Female,54,Salem,Savings,13-10-2015
CUST0186,Dr. Hannah Patterson,Female,32,Erode,Current,05-08-2015
CUST0187,Jonathan Peterson,Male,69,Tirunelveli,Savings,04-07-2023
CUST0188,Samantha Garcia,Male,45,Madurai,Savings,10-09-2017
CUST0189,Madison Poole,Male,53,Salem,Savings,22-05-2018
CUST0190,Jessica Gross,Male,67,Madurai,Current,02-08-2015
CUST0191,Debra Morton,Female,70,Salem,Savings,01-04-2019
CUST0192,Karen Graham,Male,57,Tirunelveli,Savings,26-09-2019
CUST0193,Debra Christian,Female,57,Salem,Savings,21-08-2020
CUST0194,Angelica Keith,Male,61,Salem,Savings,16-02-2020
CUST0195,John Bishop,Female,59,Trichy,Savings,26-08-2022
CUST0196,Allen Rosales,Female,53,Erode,Current,05-11-2021
CUST0197,Daniel Salinas,Male,19,Salem,Current,16-05-2021
CUST0198,Spencer Haynes,Male,56,Madurai,Current,02-04-2023
CUST0199,Adam Vaughan,Female,60,Trichy,Savings,23-09-2019
CUST0200,Nathan Freeman,Male,62,Tirunelveli,Current,25-02-2019
CUST0201,Melissa Brewer,Male,35,Chennai,Savings,19-05-2023
CUST0202,Ricky Davis II,Male,19,Madurai,Savings,31-07-2020
CUST0203,Elizabeth Perkins,Male,29,Madurai,Current,19-04-2024
CUST0204,Joseph Coleman,Male,35,Erode,Current,13-03-2022
CUST0205,Erin Warner,Male,62,Chennai,Savings,20-05-2025
CUST0206,David Martinez,Female,66,Trichy,Savings,07-03-2017
CUST0207,Bryan Herrera,Female,37,Salem,Current,26-07-2015
CUST0208,Cathy Robinson,Female,39,Madurai,Current,22-02-2024
CUST0209,Dr. William Warren,Male,40,Tirunelveli,Current,22-10-2021
CUST0210,Brian Lee,Female,18,Erode,Savings,28-12-2024
CUST0211,Christopher Smith,Male,29,Tirunelveli,Savings,01-04-2020
CUST0212,Denise Mccann,Male,27,Erode,Savings,08-07-2020
CUST0213,Melissa Martinez,Female,54,Erode,Current,12-04-2017
CUST0214,Katherine Salas,Male,60,Chennai,Savings,21-08-2023
CUST0215,Julie Alexander,Female,43,Salem,Savings,11-07-2016
CUST0216,Anthony Everett,Female,22,Trichy,Savings,28-02-2021
CUST0217,Rodney Morales,Female,27,Madurai,Current,23-02-2020
CUST0218,Mark Brown,Female,65,Erode,Current,21-12-2020
CUST0219,Justin Torres,Female,58,Tirunelveli,Savings,25-02-2020
CUST0220,Bailey Duran DDS,Female,19,Tirunelveli,Current,19-11-2019
CUST0221,Courtney Mills,Male,23,Salem,Savings,10-07-2020
CUST0222,Jeremy Dalton,Male,65,Salem,Current,24-08-2018
CUST0223,Elizabeth Oliver DDS,Female,51,Coimbatore,Current,28-12-2017
CUST0224,Theresa Clark,Male,31,Erode,Current,29-03-2024
CUST0225,Matthew Moore,Male,42,Chennai,Current,13-07-2019
CUST0226,Benjamin Smith,Male,44,Salem,Current,28-05-2016
CUST0227,Kirk Carter,Female,47,Trichy,Savings,25-04-2022
CUST0228,Michael Warner,Male,39,Coimbatore,Current,16-11-2020
CUST0229,Michael Bradshaw,Male,28,Salem,Current,27-10-2017
CUST0230,Lori Guerrero,Female,41,Erode,Current,16-11-2015
CUST0231,Jessica Stephens,Male,37,Erode,Savings,26-11-2023
CUST0232,Susan Serrano,Male,64,Salem,Current,20-06-2020
CUST0233,Christopher Parker,Male,38,Tirunelveli,Savings,09-11-2019
CUST0234,Laura Roberts,Male,67,Tirunelveli,Savings,24-07-2022
CUST0235,Michael Lyons,Male,54,Trichy,Current,29-04-2022
CUST0236,Kathryn Snyder,Male,56,Coimbatore,Savings,17-01-2022
CUST0237,Andrew Reynolds,Male,23,Tirunelveli,Savings,16-01-2016
CUST0238,David Davis,Female,21,Erode,Current,11-05-2025
CUST0239,Sara Johnston,Male,27,Coimbatore,Savings,04-03-2025
CUST0240,Yvonne Chambers,Male,28,Chennai,Savings,03-09-2018
CUST0241,Andrew Avila,Male,66,Salem,Current,12-04-2021
CUST0242,Matthew Moon,Male,57,Erode,Savings,23-03-2019
CUST0243,Kevin Walters,Female,21,Chennai,Current,15-07-2024
CUST0244,Brandon Bailey MD,Female,61,Coimbatore,Current,15-07-2023
CUST0245,Shannon Rivera,Female,23,Chennai,Savings,16-07-2021
CUST0246,Donna Landry,Male,35,Trichy,Current,27-01-2024
CUST0247,Krista Gibson,Female,46,Madurai,Current,19-07-2020
CUST0248,Frank Cordova,Male,60,Trichy,Savings,02-05-2018
CUST0249,Jose Travis,Female,45,Coimbatore,Current,08-12-2024
CUST0250,Kimberly Gutierrez,Female,49,Trichy,Savings,10-07-2018
CUST0251,Isaiah Avila,Male,56,Erode,Savings,09-06-2020
CUST0252,Olivia Harris,Female,46,Coimbatore,Current,06-02-2017
CUST0253,Tanya Kim,Female,44,Trichy,Current,14-06-2023
CUST0254,Barbara Dudley,Female,35,Salem,Savings,14-08-2017
CUST0255,Cynthia Moore,Male,31,Tirunelveli,Savings,04-11-2019
CUST0256,Kristen Davis,Male,66,Salem,Current,13-12-2024
CUST0257,Susan Murray MD,Female,50,Trichy,Current,22-07-2018
CUST0258,Kathleen Moran,Male,25,Tirunelveli,Savings,24-02-2021
CUST0259,Denise Davenport,Male,40,Tirunelveli,Current,16-12-2016
CUST0260,Mrs. Kristen Reyes,Male,45,Erode,Savings,23-03-2019
CUST0261,Katie Suarez,Female,25,Erode,Current,26-06-2021
CUST0262,Desiree Tyler,Male,36,Chennai,Savings,29-03-2019
CUST0263,Timothy Romero,Female,61,Erode,Savings,31-08-2020
CUST0264,Diane Evans,Male,61,Coimbatore,Current,05-08-2022
CUST0265,Yvonne Burns,Male,55,Salem,Current,28-01-2021
CUST0266,Joshua Reed,Female,49,Coimbatore,Current,06-10-2021
CUST0267,Kimberly Gibson,Female,51,Salem,Current,16-11-2019
CUST0268,Colin Terry,Male,60,Madurai,Current,27-05-2025
CUST0269,Cynthia Rowe,Female,37,Erode,Current,11-06-2020
CUST0270,Patrick Thornton,Female,20,Trichy,Current,01-05-2023
CUST0271,Jasmin Alvarado,Male,32,Salem,Savings,11-06-2017
CUST0272,Veronica Simpson,Female,43,Trichy,Savings,12-06-2023
CUST0273,Jonathan Lawrence,Male,56,Madurai,Savings,09-05-2016
CUST0274,Shelly Alexander,Male,21,Coimbatore,Savings,15-05-2025
CUST0275,Joyce Bowen,Female,18,Trichy,Current,24-04-2025
CUST0276,Matthew Moore,Male,31,Salem,Savings,26-08-2016
CUST0277,Wayne Morgan,Male,37,Madurai,Current,23-06-2023
CUST0278,Marie Christian,Male,31,Salem,Savings,01-10-2018
CUST0279,Shannon James,Female,67,Madurai,Current,15-12-2023
CUST0280,Nathan Malone,Female,26,Erode,Savings,24-06-2017
CUST0281,Amanda Jones,Male,66,Tirunelveli,Current,07-12-2021
CUST0282,Tammie Bright,Female,34,Tirunelveli,Current,15-06-2024
CUST0283,Jessica Garcia,Male,36,Erode,Savings,07-07-2020
CUST0284,Shelia Wallace,Female,38,Erode,Savings,20-06-2022
CUST0285,Stephanie Williams,Female,25,Erode,Current,11-05-2016
CUST0286,Elaine Brooks,Female,18,Tirunelveli,Current,02-01-2018
CUST0287,Joseph Knight,Male,49,Erode,Savings,11-10-2017
CUST0288,Carolyn Miller,Male,65,Madurai,Current,06-11-2018
CUST0289,Lisa Allen,Female,45,Salem,Savings,09-04-2021
CUST0290,Briana Murray,Female,29,Trichy,Current,27-05-2022
CUST0291,David Smith,Male,26,Coimbatore,Savings,16-02-2025
CUST0292,Stephanie Byrd,Male,42,Coimbatore,Savings,24-03-2023
CUST0293,Jeremy Reed,Female,52,Madurai,Current,16-11-2017
CUST0294,Margaret Coleman,Male,63,Salem,Savings,27-10-2020
CUST0295,Ryan Gonzalez,Female,32,Madurai,Current,05-07-2018
CUST0296,John Young,Male,50,Coimbatore,Current,25-10-2016
CUST0297,Laura Haney,Female,53,Madurai,Current,26-09-2023
CUST0298,William Barrett,Female,60,Tirunelveli,Savings,05-02-2021
CUST0299,Keith Jennings,Male,69,Madurai,Current,13-06-2018
CUST0300,Amber Obrien,Male,40,Erode,Savings,09-10-2020
CUST0301,Tanner Mitchell DDS,Male,22,Coimbatore,Savings,05-06-2016
CUST0302,Heather Fields,Male,43,Erode,Savings,10-07-2015
CUST0303,Megan Le,Male,65,Erode,Current,17-02-2023
CUST0304,Sara Fuller,Female,20,Trichy,Current,04-02-2020
CUST0305,Maria Parker,Male,45,Madurai,Savings,02-01-2019
CUST0306,Kevin Oconnor,Female,19,Trichy,Savings,23-04-2018
CUST0307,Edward Burgess,Male,47,Madurai,Savings,30-03-2025
CUST0308,Carlos Ryan,Male,22,Salem,Savings,19-02-2018
CUST0309,Kiara Mcintyre,Female,38,Tirunelveli,Savings,09-10-2023
CUST0310,Dawn Summers,Female,54,Erode,Current,09-12-2016
CUST0311,Dr. Paul Morgan,Male,45,Madurai,Current,23-08-2017
CUST0312,Victor Taylor,Female,54,Madurai,Savings,26-10-2022
CUST0313,Shannon Ramsey,Male,43,Chennai,Current,30-09-2022
CUST0314,Tracy Ballard,Male,63,Salem,Current,21-04-2022
CUST0315,Richard Smith,Male,58,Erode,Current,27-09-2022
CUST0316,Jordan Chambers,Female,44,Salem,Current,25-07-2023
CUST0317,Lauren Carson,Female,36,Trichy,Savings,17-12-2021
CUST0318,Ashley Hall,Male,25,Trichy,Savings,10-07-2015
CUST0319,Stephen Hoffman,Male,43,Tirunelveli,Current,31-01-2016
CUST0320,Connie Brown,Male,19,Madurai,Savings,09-07-2024
CUST0321,Susan Turner,Male,38,Tirunelveli,Current,01-11-2018
CUST0322,Charles Shah,Female,28,Tirunelveli,Savings,15-10-2021
CUST0323,Johnathan Davis,Male,69,Coimbatore,Savings,06-09-2015
CUST0324,Brandy Chavez,Male,57,Madurai,Savings,03-12-2020
CUST0325,Natalie Bautista,Female,47,Chennai,Savings,22-06-2024
CUST0326,Patrick Moore,Female,62,Madurai,Current,07-09-2018
CUST0327,Brett Burns,Male,41,Erode,Savings,30-09-2015
CUST0328,Trevor Johnson,Female,23,Chennai,Current,06-07-2015
CUST0329,Jeremy Sampson,Male,45,Madurai,Current,04-09-2019
CUST0330,Ariana Jennings,Male,24,Trichy,Savings,16-04-2019
CUST0331,Vanessa Howard,Female,33,Erode,Current,19-04-2021
CUST0332,Colton Martinez,Male,45,Madurai,Current,01-10-2020
CUST0333,Jordan Bates,Female,55,Erode,Current,20-08-2017
CUST0334,Linda Smith,Male,43,Trichy,Current,10-03-2017
CUST0335,Dana Martinez,Male,51,Coimbatore,Savings,19-12-2021
CUST0336,Andrea Hubbard,Female,23,Coimbatore,Savings,02-01-2024
CUST0337,Daniel Kane,Female,43,Tirunelveli,Current,25-08-2020
CUST0338,Charles Lester,Female,37,Salem,Current,13-04-2018
CUST0339,Scott Thomas,Male,65,Madurai,Current,20-07-2016
CUST0340,David Thompson,Male,39,Salem,Current,21-03-2016
CUST0341,Allison Smith,Male,32,Erode,Current,06-07-2020
CUST0342,Cynthia Morris,Male,39,Madurai,Current,22-05-2020
CUST0343,Anthony Harmon,Female,67,Coimbatore,Savings,14-03-2023
CUST0344,Nichole Alvarez,Female,28,Chennai,Savings,16-04-2024
CUST0345,Kayla Rodriguez,Female,22,Salem,Current,10-05-2024
CUST0346,Theresa Williams,Male,50,Erode,Current,10-03-2021
CUST0347,Sharon Boyd,Female,58,Salem,Savings,26-10-2022
CUST0348,Victor Brown,Female,25,Coimbatore,Current,19-09-2017
CUST0349,James Parks,Female,51,Coimbatore,Savings,09-04-2021
CUST0350,Theodore Jones Jr.,Female,50,Chennai,Current,12-10-2023
CUST0351,Ana Hill,Male,30,Erode,Savings,21-07-2021
CUST0352,Kimberly Nguyen,Male,67,Salem,Current,24-08-2018
CUST0353,Kerry Chavez DDS,Female,40,Coimbatore,Current,31-03-2018
CUST0354,Michael Farrell,Male,40,Erode,Current,21-04-2022
CUST0355,Patricia Le,Female,64,Coimbatore,Current,07-10-2015
CUST0356,Jesse Perez,Male,70,Chennai,Current,30-04-2019
CUST0357,Jesse Perry,Male,59,Chennai,Savings,04-04-2019
CUST0358,Jeffery Ortega,Female,70,Trichy,Current,03-09-2017
CUST0359,Christian Leblanc,Female,27,Madurai,Current,13-01-2019
CUST0360,Ronald Davis,Female,33,Erode,Savings,25-10-2015
CUST0361,Parker Cain,Female,24,Trichy,Savings,10-01-2024
CUST0362,Laurie Hoffman,Male,27,Chennai,Savings,26-04-2018
CUST0363,Bryan Gomez,Female,34,Erode,Current,15-07-2017
CUST0364,Nicole Parrish,Male,30,Tirunelveli,Savings,04-09-2021
CUST0365,Tracy Burke,Female,29,Coimbatore,Savings,29-01-2016
CUST0366,Kenneth Lewis,Male,56,Chennai,Savings,28-10-2021
CUST0367,Courtney Rodriguez,Female,27,Salem,Current,17-10-2019
CUST0368,Holly Farmer,Male,66,Coimbatore,Current,15-07-2024
CUST0369,Renee Bruce,Male,66,Trichy,Savings,07-04-2016
CUST0370,Sabrina Austin,Female,59,Erode,Current,04-04-2016
CUST0371,Allison Hickman,Female,22,Trichy,Savings,12-04-2017
CUST0372,Debra White,Male,29,Trichy,Savings,11-10-2015
CUST0373,Ellen Morgan,Female,67,Erode,Current,05-04-2016
CUST0374,Sergio Knight,Female,58,Coimbatore,Savings,30-05-2017
CUST0375,Charles Schultz,Male,49,Tirunelveli,Current,13-07-2022
CUST0376,Paul Lewis,Female,47,Madurai,Savings,31-12-2022
CUST0377,Glen Wood,Female,66,Madurai,Current,28-11-2021
CUST0378,Paula Bradley,Female,54,Madurai,Current,17-07-2017
CUST0379,Anthony Moore,Female,66,Erode,Savings,01-10-2024
CUST0380,Megan Nelson,Female,55,Chennai,Current,28-09-2019
CUST0381,Karla Ramos,Female,46,Tirunelveli,Savings,06-07-2023
CUST0382,Paul Wilson,Male,61,Chennai,Savings,17-01-2018
CUST0383,Douglas Gregory,Male,54,Erode,Current,08-12-2018
CUST0384,Mr. Andrew Foster,Female,59,Salem,Current,07-08-2015
CUST0385,Aimee Turner,Female,58,Coimbatore,Savings,25-07-2020
CUST0386,Chad Scott,Male,57,Salem,Current,08-08-2022
CUST0387,Adam Burgess,Female,38,Erode,Savings,27-02-2017
CUST0388,James Padilla,Female,58,Erode,Savings,17-04-2024
CUST0389,Sandra Drake,Male,38,Tirunelveli,Savings,13-01-2020
CUST0390,Scott Williams,Female,27,Chennai,Savings,10-10-2017
CUST0391,Thomas Atkins,Female,46,Coimbatore,Current,26-07-2022
CUST0392,Laura Mckinney,Male,22,Trichy,Savings,23-03-2017
CUST0393,Brian Smith,Female,48,Tirunelveli,Savings,22-02-2024
CUST0394,Robert Montgomery,Female,46,Coimbatore,Savings,11-06-2017
CUST0395,Tamara Davis,Female,58,Chennai,Current,01-04-2020
CUST0396,Dana Chapman,Female,37,Tirunelveli,Savings,19-05-2017
CUST0397,Jennifer Collins,Female,68,Trichy,Savings,01-04-2017
CUST0398,Gary Jackson,Male,35,Tirunelveli,Current,28-11-2023
CUST0399,Ashley Hicks,Female,55,Trichy,Savings,27-10-2018
CUST0400,Hannah Luna,Male,21,Coimbatore,Current,03-11-2018
CUST0401,Robin Young,Male,40,Erode,Savings,01-12-2019
CUST0402,Craig Morrison,Female,50,Tirunelveli,Current,04-05-2024
CUST0403,Mary Thompson,Female,22,Madurai,Savings,15-11-2018
CUST0404,Kathleen Webster,Male,37,Chennai,Savings,13-07-2021
CUST0405,Joann Glass,Male,47,Chennai,Current,31-05-2022
CUST0406,Madison Weber,Female,46,Madurai,Savings,19-06-2020
CUST0407,Lori Hernandez,Male,20,Salem,Savings,03-03-2018
CUST0408,Jeremy Turner,Male,21,Salem,Savings,10-02-2016
CUST0409,Anthony Romero,Male,41,Chennai,Current,07-10-2024
CUST0410,Jesse Brown,Male,36,Madurai,Current,20-11-2023
CUST0411,Angela Lin,Male,22,Madurai,Current,22-12-2018
CUST0412,Lisa Hunter,Male,59,Trichy,Savings,14-08-2023
CUST0413,Julian Conner,Female,23,Erode,Current,24-01-2021
CUST0414,Joanna Pacheco,Male,57,Salem,Savings,07-06-2019
CUST0415,Erica Alvarez,Female,56,Salem,Savings,28-06-2015
CUST0416,Antonio Garcia,Female,50,Trichy,Savings,29-08-2015
CUST0417,Gwendolyn Klein,Male,42,Coimbatore,Savings,15-12-2016
CUST0418,Carrie Wright,Female,47,Tirunelveli,Savings,27-04-2017
CUST0419,Jeffrey Mills,Female,55,Salem,Current,17-03-2025
CUST0420,Jake Campbell,Female,53,Trichy,Current,06-11-2023
CUST0421,George Harper,Male,68,Madurai,Savings,23-12-2017
CUST0422,Maria Jones,Male,65,Coimbatore,Savings,21-12-2016
CUST0423,Michael Mitchell,Male,20,Tirunelveli,Current,23-02-2024
CUST0424,Mary Escobar,Male,46,Chennai,Current,19-09-2016
CUST0425,Felicia Aguilar,Female,69,Madurai,Savings,01-03-2017
CUST0426,Gregory Ponce,Male,54,Coimbatore,Savings,18-10-2019
CUST0427,Jenna Larson,Male,59,Erode,Savings,17-05-2019
CUST0428,Emily Bennett,Female,30,Trichy,Savings,19-03-2023
CUST0429,Robin Santiago,Male,38,Erode,Savings,23-06-2020
CUST0430,Nancy Jennings,Male,56,Madurai,Current,08-12-2019
CUST0431,Maria Henderson,Male,48,Erode,Current,04-05-2023
CUST0432,Jack White,Female,50,Coimbatore,Current,17-04-2016
CUST0433,Travis Tucker,Male,27,Chennai,Current,20-02-2017
CUST0434,Chad Jones,Female,21,Erode,Savings,31-05-2018
CUST0435,Ashley Wise,Female,46,Madurai,Savings,11-02-2016
CUST0436,Sophia Johnson,Female,24,Tirunelveli,Current,20-05-2020
CUST0437,Ralph Anderson,Female,69,Madurai,Savings,27-07-2021
CUST0438,Christopher Guerra,Female,39,Salem,Savings,05-10-2020
CUST0439,Rhonda Martin,Male,63,Erode,Current,09-09-2022
CUST0440,Jason Rhodes,Female,23,Tirunelveli,Savings,31-05-2017
CUST0441,Jeremy Mitchell,Female,50,Coimbatore,Current,21-01-2017
CUST0442,Joann Ferguson,Female,59,Coimbatore,Savings,22-03-2016
CUST0443,Robert Harrison,Male,29,Salem,Savings,10-08-2015
CUST0444,Holly Valentine,Female,20,Tirunelveli,Current,17-10-2017
CUST0445,Mrs. Diane Reyes,Female,33,Erode,Current,05-05-2018
CUST0446,Tracy Montoya,Male,63,Trichy,Savings,12-01-2021
CUST0447,Brenda Wright,Female,46,Tirunelveli,Savings,10-07-2021
CUST0448,Shelly Spencer,Female,46,Trichy,Current,20-11-2022
CUST0449,Ryan Rosales,Male,51,Salem,Current,03-01-2020
CUST0450,Phillip Nelson,Female,51,Madurai,Savings,08-01-2017
CUST0451,Brittany Kim,Male,57,Chennai,Savings,12-10-2021
CUST0452,Courtney Hayes,Female,28,Trichy,Current,09-04-2021
CUST0453,Alexander Brown,Female,41,Erode,Savings,21-07-2018
CUST0454,Cynthia Vang,Female,41,Chennai,Savings,18-05-2017
CUST0455,Alfred Galvan,Male,36,Coimbatore,Current,05-04-2022
CUST0456,Marie Moody,Male,42,Coimbatore,Current,02-04-2022
CUST0457,Dustin Gallegos,Male,44,Trichy,Savings,17-03-2023
CUST0458,Brenda Thornton,Male,67,Madurai,Current,25-01-2020
CUST0459,Aaron Miller,Female,39,Coimbatore,Current,01-01-2022
CUST0460,Ruben Dunn,Male,61,Chennai,Current,30-07-2023
CUST0461,Kelsey Rodriguez,Male,56,Madurai,Savings,13-08-2022
CUST0462,Eric Williams,Male,21,Trichy,Current,12-04-2018
CUST0463,Riley Bryant,Female,68,Coimbatore,Savings,13-05-2017
CUST0464,Taylor Carlson,Female,58,Trichy,Savings,11-09-2017
CUST0465,Jose Allen,Female,59,Tirunelveli,Savings,09-06-2016
CUST0466,Jeffrey Mendez,Female,39,Madurai,Savings,25-02-2018
CUST0467,Jason Beck,Female,22,Madurai,Current,16-03-2017
CUST0468,William Jones,Male,39,Madurai,Savings,09-07-2022
CUST0469,Katie Mcneil,Male,24,Salem,Savings,27-08-2023
CUST0470,Jeanette Harrison,Female,53,Erode,Savings,13-02-2025
CUST0471,Veronica King,Female,61,Salem,Current,23-11-2022
CUST0472,Richard Cooper,Male,42,Chennai,Current,11-07-2018
CUST0473,Lori Ingram,Female,36,Madurai,Current,25-11-2021
CUST0474,Evelyn Williams,Female,34,Erode,Current,17-07-2021
CUST0475,Robin Thompson,Male,64,Madurai,Current,07-12-2015
CUST0476,Julie Dominguez,Female,60,Erode,Savings,30-08-2017
CUST0477,Robin Brown,Female,56,Coimbatore,Savings,29-08-2023
CUST0478,Judith Carter,Female,27,Chennai,Current,30-09-2023
CUST0479,Curtis Williams,Female,39,Erode,Savings,12-05-2017
CUST0480,Kaylee Hays,Male,23,Chennai,Current,09-06-2022
CUST0481,Dawn Mullins,Female,55,Trichy,Savings,09-12-2022
CUST0482,Howard Norman,Male,60,Madurai,Savings,22-03-2016
CUST0483,Evelyn Martinez,Female,27,Coimbatore,Savings,08-07-2016
CUST0484,Steve Paul,Female,40,Trichy,Current,22-11-2019
CUST0485,Jasmine Beltran,Female,37,Erode,Current,14-10-2020
CUST0486,Jonathan Glass MD,Male,59,Salem,Savings,26-08-2015
CUST0487,Monica Miller,Female,62,Erode,Current,15-05-2024
CUST0488,Samantha Gardner,Female,60,Tirunelveli,Current,02-04-2025
CUST0489,Bobby Guerrero,Female,43,Madurai,Savings,19-01-2025
CUST0490,Lance Simmons,Male,26,Erode,Savings,02-04-2019
CUST0491,Heather Williams,Female,56,Chennai,Savings,13-03-2021
CUST0492,Heather Bolton,Male,63,Erode,Savings,09-04-2024
CUST0493,William Gould,Male,23,Madurai,Current,04-05-2024
CUST0494,Mark Cox,Female,37,Madurai,Savings,22-01-2017
CUST0495,Meghan Cisneros,Male,53,Salem,Current,21-10-2022
CUST0496,Lawrence Harrington,Male,42,Coimbatore,Savings,02-09-2019
CUST0497,Austin Osborne,Female,59,Coimbatore,Current,22-08-2023
CUST0498,James Bradley,Male,68,Coimbatore,Savings,28-04-2021
CUST0499,Meghan Rush,Female,39,Trichy,Savings,27-12-2021
CUST0500,Phillip Berry,Male,70,Coimbatore,Savings,20-12-2017
CUST0501,Jennifer Banks,Male,26,Trichy,Savings,09-12-2024
CUST0502,Brian Fitzgerald,Female,60,Erode,Savings,15-05-2016
CUST0503,Mr. Justin Green III,Female,62,Salem,Savings,22-08-2015
CUST0504,Zachary Mitchell,Female,65,Madurai,Current,10-02-2018
CUST0505,Katherine Martinez,Male,61,Trichy,Current,16-01-2024
CUST0506,Jodi Roach,Female,51,Erode,Current,05-06-2023
CUST0507,Brandon Fleming,Female,23,Salem,Savings,17-11-2023
CUST0508,Emma Reed,Female,59,Trichy,Current,03-04-2018
CUST0509,Joshua Vance,Female,60,Tirunelveli,Savings,18-09-2016
CUST0510,Michelle Ho,Female,45,Salem,Current,21-10-2023
CUST0511,Rebecca Hicks,Female,50,Tirunelveli,Savings,23-11-2020
CUST0512,Curtis Taylor,Female,41,Erode,Savings,16-07-2019
CUST0513,Allison Spencer,Male,19,Tirunelveli,Current,26-01-2021
CUST0514,Robert Arnold,Female,41,Coimbatore,Current,04-03-2020
CUST0515,Angelica Parker,Male,37,Tirunelveli,Current,18-04-2016
CUST0516,Dr. Kelly Hammond DVM,Male,29,Coimbatore,Savings,24-01-2024
CUST0517,William Day,Female,31,Erode,Current,25-03-2019
CUST0518,Michael Cooper,Male,39,Tirunelveli,Savings,21-10-2024
CUST0519,Penny Bowman,Male,67,Salem,Current,18-11-2021
CUST0520,Vincent Reynolds,Male,49,Tirunelveli,Current,20-04-2022
CUST0521,Amy Martinez,Male,30,Tirunelveli,Current,10-06-2019
CUST0522,Christopher Morris,Male,32,Chennai,Savings,12-10-2016
CUST0523,Hannah Everett,Male,26,Salem,Current,02-04-2023
CUST0524,Sarah King,Male,27,Trichy,Savings,31-12-2022
CUST0525,Krista Martinez,Male,22,Salem,Current,10-03-2025
CUST0526,Joseph Shaw,Male,36,Erode,Savings,24-01-2023
CUST0527,Todd Moore,Male,68,Madurai,Current,08-12-2016
CUST0528,Michelle Jacobs,Female,24,Chennai,Savings,03-12-2023
CUST0529,Kristy Bryan,Male,50,Salem,Savings,17-01-2023
CUST0530,Angel May,Male,67,Chennai,Savings,25-10-2020
CUST0531,Marilyn Wang,Female,52,Chennai,Savings,17-06-2017
CUST0532,Mark Jimenez,Female,65,Tirunelveli,Savings,26-11-2023
CUST0533,Donna Frye,Female,51,Salem,Savings,29-09-2015
CUST0534,Dr. Michael Evans,Male,20,Salem,Savings,09-03-2017
CUST0535,Anthony Gonzales,Male,60,Coimbatore,Savings,21-04-2022
CUST0536,Mr. Lawrence Edwards,Male,39,Salem,Current,16-06-2022
CUST0537,Morgan Valencia,Female,67,Salem,Current,19-01-2016
CUST0538,Bianca Wood,Male,57,Coimbatore,Current,01-12-2024
CUST0539,Emma Owens,Male,26,Coimbatore,Savings,12-10-2024
CUST0540,David Davis,Female,56,Madurai,Savings,12-06-2015
CUST0541,James Gilbert,Female,42,Tirunelveli,Savings,26-12-2016
CUST0542,Sean Moore,Female,27,Salem,Current,15-08-2020
CUST0543,Kenneth Edwards,Male,28,Trichy,Savings,02-02-2024
CUST0544,Kathleen Robertson,Male,29,Chennai,Current,03-01-2025
CUST0545,Mr. Alexander Landry MD,Male,62,Erode,Savings,17-12-2018
CUST0546,Cindy Gomez,Male,67,Coimbatore,Current,15-03-2023
CUST0547,Johnny Khan,Female,57,Erode,Current,28-03-2021
CUST0548,Julie Herrera,Male,69,Salem,Current,15-08-2021
CUST0549,Jessica Khan,Male,28,Trichy,Savings,13-05-2016
CUST0550,Pamela Diaz,Female,64,Chennai,Current,27-03-2019
CUST0551,Kelly Lee,Female,46,Salem,Savings,04-03-2023
CUST0552,Angel Gordon,Female,20,Trichy,Savings,01-02-2021
CUST0553,Diana Hays,Male,44,Tirunelveli,Savings,20-12-2024
CUST0554,Barbara Hester,Female,41,Chennai,Savings,28-06-2023
CUST0555,Robert Morgan,Male,61,Trichy,Savings,15-08-2021
CUST0556,Nicole Gonzalez,Female,64,Coimbatore,Current,20-02-2023
CUST0557,Kathryn Williams,Female,33,Salem,Savings,19-05-2017
CUST0558,Gary Wells,Male,46,Trichy,Current,05-02-2017
CUST0559,Larry Robertson,Female,57,Trichy,Current,19-03-2019
CUST0560,Louis Martin,Female,36,Salem,Current,24-06-2015
CUST0561,Nancy Evans MD,Female,66,Chennai,Current,01-04-2021
CUST0562,Kim Erickson,Male,65,Salem,Savings,25-06-2021
CUST0563,Robert Richardson,Female,68,Trichy,Current,29-05-2020
CUST0564,Veronica Silva,Male,46,Erode,Savings,04-10-2024
CUST0565,Molly Watts,Female,32,Tirunelveli,Current,27-04-2024
CUST0566,John Coffey,Female,52,Madurai,Savings,20-10-2021
CUST0567,Paula Lane,Female,33,Erode,Current,01-04-2017
CUST0568,Lauren Jackson,Female,37,Chennai,Current,21-03-2016
CUST0569,Lisa Randall,Female,69,Trichy,Savings,27-03-2018
CUST0570,Michael Johnson,Female,68,Madurai,Current,26-10-2023
CUST0571,Ashley Smith,Male,48,Tirunelveli,Current,30-10-2017
CUST0572,Christian Vaughn,Male,30,Chennai,Current,27-05-2022
CUST0573,Reginald Knapp,Female,41,Erode,Savings,05-04-2017
CUST0574,Nancy Brown,Female,61,Coimbatore,Savings,08-10-2019
CUST0575,Daniel Nguyen,Male,54,Salem,Savings,10-10-2018
CUST0576,Kelly Edwards,Female,46,Chennai,Savings,19-08-2018
CUST0577,Thomas Peterson,Female,47,Chennai,Current,30-06-2017
CUST0578,Raymond Le,Female,67,Trichy,Savings,15-02-2022
CUST0579,Melissa Bishop,Male,36,Madurai,Savings,09-02-2019
CUST0580,David Grant,Female,67,Erode,Current,20-03-2023
CUST0581,William Evans,Female,42,Chennai,Savings,07-09-2018
CUST0582,Daniel Bush,Male,50,Salem,Current,10-03-2021
CUST0583,Gregory Peck,Female,51,Chennai,Savings,10-04-2017
CUST0584,Denise Martinez,Male,44,Chennai,Current,29-06-2022
CUST0585,Jamie Baird,Female,28,Trichy,Current,25-03-2016
CUST0586,Tina Ballard,Female,70,Chennai,Savings,15-07-2017
CUST0587,Dwayne Klein,Female,30,Madurai,Savings,08-02-2023
CUST0588,Jeremy Scott,Female,69,Trichy,Savings,23-03-2023
CUST0589,Dale Ryan,Female,56,Coimbatore,Current,07-01-2024
CUST0590,Melissa Taylor,Male,26,Tirunelveli,Current,24-09-2017
CUST0591,Laurie Sanchez,Male,34,Coimbatore,Savings,05-12-2023
CUST0592,Kiara Little,Male,21,Tirunelveli,Savings,07-07-2015
CUST0593,Jason Love,Male,59,Erode,Current,18-06-2024
CUST0594,Randy Smith,Female,48,Erode,Savings,07-04-2016
CUST0595,Tanya Russell,Female,41,Erode,Savings,07-11-2024
CUST0596,Sherry Woods,Male,53,Trichy,Savings,21-10-2022
CUST0597,Victor Morris,Female,24,Madurai,Current,24-05-2025
CUST0598,Susan Davis,Female,63,Trichy,Current,28-08-2023
CUST0599,Kimberly Sharp,Female,51,Trichy,Current,02-02-2024
CUST0600,Susan Thompson,Male,25,Tirunelveli,Savings,16-06-2018
CUST0601,Casey Gillespie,Male,36,Trichy,Savings,14-04-2025
CUST0602,Jennifer Simpson DVM,Female,23,Trichy,Savings,25-05-2018
CUST0603,Tammy Mcdowell,Male,66,Chennai,Current,16-08-2017
CUST0604,Keith Rodriguez,Female,28,Erode,Savings,15-03-2017
CUST0605,Mrs. Virginia Daniels,Male,35,Erode,Savings,12-01-2022
CUST0606,Todd Rosales MD,Female,46,Tirunelveli,Current,30-11-2020
CUST0607,Brian Martin,Female,50,Salem,Savings,07-01-2024
CUST0608,David Lopez,Female,27,Coimbatore,Savings,26-12-2021
CUST0609,Rachel Bradley,Female,45,Erode,Current,25-07-2022
CUST0610,Casey Chase,Female,23,Tirunelveli,Current,31-08-2019
CUST0611,Samantha Robertson,Female,32,Madurai,Current,05-02-2020
CUST0612,Michael Lopez,Female,70,Chennai,Current,18-03-2022
CUST0613,Franklin Wright,Female,46,Coimbatore,Current,10-04-2021
CUST0614,David Molina,Female,40,Salem,Current,11-06-2020
CUST0615,Elizabeth Sharp,Female,19,Trichy,Current,22-02-2023
CUST0616,Matthew Schwartz,Female,44,Salem,Current,16-09-2017
CUST0617,Bryan Parker,Male,21,Coimbatore,Savings,16-10-2017
CUST0618,Jonathan Jacobson,Male,43,Erode,Savings,18-06-2022
CUST0619,Emily Wilson,Male,50,Coimbatore,Savings,27-02-2024
CUST0620,Elizabeth Mendez,Female,41,Tirunelveli,Savings,11-07-2020
CUST0621,Casey Hernandez,Male,33,Chennai,Savings,04-10-2024
CUST0622,Lisa Perry,Male,42,Tirunelveli,Savings,12-10-2020
CUST0623,Kaitlin Medina,Male,23,Chennai,Savings,09-11-2024
CUST0624,Colleen Wright,Male,41,Madurai,Savings,20-02-2019
CUST0625,Shelley Miller,Female,32,Trichy,Current,10-11-2018
CUST0626,Michael Miller,Female,19,Erode,Current,04-01-2019
CUST0627,Amy Kelley,Female,38,Erode,Current,20-05-2020
CUST0628,Laura Hernandez,Male,24,Salem,Current,25-04-2021
CUST0629,Joseph Wilson,Male,63,Trichy,Savings,12-09-2017
CUST0630,Kevin Davis,Female,59,Salem,Current,19-06-2018
CUST0631,Rhonda Chavez,Male,39,Trichy,Savings,06-01-2024
CUST0632,Joyce Brown,Female,68,Tirunelveli,Current,01-09-2024
CUST0633,Robert Cummings,Male,27,Coimbatore,Current,04-12-2020
CUST0634,Robert Reese,Female,26,Coimbatore,Current,28-05-2017
CUST0635,Amber Cooper,Male,20,Trichy,Current,07-06-2021
CUST0636,Zachary Michael,Male,36,Madurai,Savings,02-01-2025
CUST0637,Timothy Johnson,Female,48,Coimbatore,Savings,12-08-2023
CUST0638,Randy Cannon,Male,62,Madurai,Savings,10-05-2025
CUST0639,Maria Fisher,Male,26,Coimbatore,Current,23-02-2025
CUST0640,Janet Kane DVM,Female,66,Erode,Savings,18-07-2022
CUST0641,Michael Stanley,Male,63,Tirunelveli,Savings,10-07-2024
CUST0642,Martha Bailey,Female,48,Chennai,Current,21-04-2020
CUST0643,Joshua Rice,Male,46,Chennai,Savings,17-08-2022
CUST0644,Courtney Smith,Male,57,Tirunelveli,Savings,29-08-2015
CUST0645,Edwin Nunez,Female,18,Erode,Savings,02-05-2024
CUST0646,Kim Morrow,Female,23,Trichy,Current,02-04-2017
CUST0647,Gregory Hill,Female,19,Salem,Current,15-11-2015
CUST0648,Molly Rodriguez,Female,34,Tirunelveli,Savings,02-12-2021
CUST0649,Jennifer Miranda,Female,31,Chennai,Current,30-11-2017
CUST0650,Alexis Harris,Male,27,Coimbatore,Current,05-05-2016
CUST0651,Andrew Harper,Male,53,Coimbatore,Savings,27-05-2016
CUST0652,Amber Yang,Female,64,Chennai,Savings,04-11-2018
CUST0653,David Robinson,Female,56,Chennai,Current,25-12-2019
CUST0654,Amy Gordon,Male,51,Salem,Current,07-03-2018
CUST0655,Robert Dennis,Male,45,Chennai,Savings,25-04-2020
CUST0656,Kyle Chambers,Female,25,Trichy,Savings,14-09-2019
CUST0657,Eric Thomas,Female,67,Salem,Current,06-12-2017
CUST0658,Connie Turner,Male,36,Erode,Savings,30-06-2016
CUST0659,Travis Hobbs,Male,33,Erode,Savings,17-06-2020
CUST0660,Lori Simmons,Male,37,Tirunelveli,Savings,29-11-2018
CUST0661,William David DDS,Male,25,Chennai,Savings,24-08-2024
CUST0662,Emma Butler,Female,21,Coimbatore,Savings,28-12-2015
CUST0663,James Webster,Male,33,Erode,Savings,17-07-2021
CUST0664,Samuel Turner,Male,44,Chennai,Savings,21-02-2023
CUST0665,Renee Melendez,Male,58,Trichy,Savings,08-03-2017
CUST0666,Tracy Grant,Female,68,Trichy,Current,31-12-2024
CUST0667,David Harris,Male,57,Coimbatore,Current,04-04-2019
CUST0668,Tammy Boone,Female,47,Salem,Savings,27-12-2024
CUST0669,Nathaniel Lee,Female,22,Coimbatore,Current,21-01-2022
CUST0670,Michael Morrison,Female,25,Tirunelveli,Savings,26-06-2019
CUST0671,Chelsea Gill,Female,49,Tirunelveli,Savings,18-02-2024
CUST0672,Kristin Mendoza,Female,56,Tirunelveli,Savings,02-05-2020
CUST0673,Felicia Krueger,Female,52,Chennai,Savings,28-03-2016
CUST0674,Timothy Hayden,Male,19,Coimbatore,Current,07-12-2021
CUST0675,Zachary Mendoza,Male,58,Salem,Savings,13-01-2022
CUST0676,Larry Harris,Male,50,Madurai,Savings,12-07-2022
CUST0677,Kristen Rowe,Male,54,Coimbatore,Current,04-10-2020
CUST0678,Joseph Howard,Female,33,Tirunelveli,Savings,31-10-2024
CUST0679,Jose Crawford,Male,63,Erode,Savings,10-05-2016
CUST0680,William Harrison,Male,27,Salem,Current,30-08-2015
CUST0681,Suzanne Wood,Male,36,Madurai,Savings,19-09-2019
CUST0682,Justin Walker,Male,45,Salem,Savings,23-11-2018
CUST0683,Dean Donovan,Male,18,Salem,Current,24-12-2022
CUST0684,Jennifer Hernandez,Male,57,Tirunelveli,Current,12-04-2019
CUST0685,James Whitaker,Male,40,Erode,Current,12-09-2021
CUST0686,Mr. Michael Scott PhD,Female,33,Tirunelveli,Savings,27-09-2024
CUST0687,Maria Henry,Female,54,Madurai,Current,13-10-2018
CUST0688,Robert Jackson,Female,44,Coimbatore,Current,25-09-2018
CUST0689,Katherine Stark,Female,29,Madurai,Savings,11-06-2020
CUST0690,Maria Brown,Male,60,Coimbatore,Current,28-01-2023
CUST0691,Ryan Landry,Male,60,Erode,Savings,17-06-2018
CUST0692,Pamela Gutierrez,Female,23,Salem,Savings,15-09-2016
CUST0693,Crystal Mann,Female,51,Coimbatore,Current,15-08-2018
CUST0694,Jonathan Brooks,Female,41,Trichy,Current,25-05-2018
CUST0695,Mary Jensen,Male,22,Madurai,Current,07-03-2024
CUST0696,Mr. Aaron Arnold,Male,51,Madurai,Savings,21-06-2017
CUST0697,Joseph Hill,Female,52,Chennai,Savings,09-11-2021
CUST0698,Alicia Li,Male,50,Salem,Savings,18-02-2016
CUST0699,Renee Browning,Female,68,Salem,Current,24-09-2022
CUST0700,Brent Hernandez,Male,50,Erode,Current,10-03-2020
CUST0701,Joseph Ochoa,Male,53,Coimbatore,Current,28-11-2024
CUST0702,James Watson,Male,19,Erode,Current,08-12-2019
CUST0703,Karl Branch,Female,42,Erode,Savings,27-08-2017
CUST0704,Michael Abbott,Male,48,Trichy,Savings,06-03-2018
CUST0705,Shannon Malone,Male,20,Salem,Current,17-05-2025
CUST0706,James Tran,Male,58,Trichy,Current,12-10-2019
CUST0707,Adam Jackson,Male,42,Chennai,Savings,16-07-2015
CUST0708,Mr. Richard Knight PhD,Female,41,Madurai,Current,24-01-2021
CUST0709,Joseph Williams,Female,34,Erode,Savings,17-05-2023
CUST0710,Sean Clay,Female,65,Erode,Savings,27-01-2018
CUST0711,Anthony Jones,Male,19,Trichy,Savings,14-02-2016
CUST0712,Stephanie Elliott,Female,40,Tirunelveli,Current,21-01-2018
CUST0713,Timothy Edwards,Female,68,Salem,Current,05-12-2020
CUST0714,Laurie Goodwin,Female,22,Madurai,Current,22-04-2016
CUST0715,Jennifer Jones,Female,40,Erode,Current,25-07-2020
CUST0716,David Davenport,Female,33,Trichy,Current,15-10-2023
CUST0717,Steven Rivera,Female,64,Trichy,Current,08-03-2025
CUST0718,Brenda Hinton,Male,60,Coimbatore,Current,19-10-2024
CUST0719,Kathryn Mccann,Male,58,Madurai,Current,14-07-2021
CUST0720,Jeffrey Roberson,Female,24,Trichy,Savings,05-09-2016
CUST0721,Randy Friedman,Female,67,Coimbatore,Savings,06-11-2020
CUST0722,Raymond Johnson,Female,55,Tirunelveli,Current,18-05-2024
CUST0723,Willie Henry,Male,65,Salem,Savings,08-03-2019
CUST0724,Todd Reynolds,Male,66,Trichy,Savings,27-07-2018
CUST0725,Mary Miller,Male,39,Coimbatore,Current,18-04-2024
CUST0726,Rebecca Marquez,Male,26,Tirunelveli,Savings,07-08-2016
CUST0727,Christian Dawson,Female,20,Coimbatore,Current,13-01-2024
CUST0728,Nancy Stewart,Male,40,Madurai,Current,25-02-2018
CUST0729,Aaron Parker,Male,52,Tirunelveli,Savings,08-07-2022
CUST0730,Derrick Anderson,Female,39,Erode,Savings,05-09-2024
CUST0731,Jerry Peters,Female,70,Coimbatore,Savings,30-07-2024
CUST0732,Alexander Gomez,Female,59,Tirunelveli,Savings,21-04-2022
CUST0733,Kyle Nguyen,Male,29,Trichy,Savings,02-01-2017
CUST0734,Edgar Hughes,Female,67,Chennai,Current,21-05-2021
CUST0735,Steven Stein,Female,61,Salem,Savings,16-03-2019
CUST0736,Laura Jackson,Male,47,Trichy,Savings,26-01-2019
CUST0737,Charles Turner,Female,62,Trichy,Current,01-02-2021
CUST0738,Arthur Hamilton MD,Female,48,Salem,Current,27-01-2021
CUST0739,Mr. David Wright,Female,58,Salem,Savings,30-07-2021
CUST0740,Linda Gonzalez,Female,29,Coimbatore,Savings,08-06-2020
CUST0741,Eric Rush,Female,69,Trichy,Savings,27-02-2019
CUST0742,Manuel Brock,Male,26,Coimbatore,Current,19-06-2024
CUST0743,George Ochoa,Male,22,Madurai,Current,09-07-2023
CUST0744,Valerie Taylor,Female,63,Coimbatore,Savings,28-12-2024
CUST0745,Travis Harris,Female,67,Madurai,Current,04-08-2015
CUST0746,Vincent Novak,Female,47,Erode,Savings,23-05-2017
CUST0747,Michael Henry,Female,20,Chennai,Savings,30-04-2021
CUST0748,Dana Bennett,Female,36,Trichy,Current,09-01-2023
CUST0749,Jenna Wilson,Male,30,Tirunelveli,Current,13-07-2019
CUST0750,Leslie Gardner,Female,20,Madurai,Savings,04-08-2019
CUST0751,Krista Benton,Male,68,Chennai,Current,13-02-2016
CUST0752,Michael Gonzales,Female,30,Salem,Savings,25-11-2020
CUST0753,Michael Fuentes,Female,20,Erode,Savings,05-12-2021
CUST0754,Jennifer Porter,Female,38,Tirunelveli,Savings,15-05-2017
CUST0755,Dana Hopkins,Male,37,Coimbatore,Savings,02-01-2022
CUST0756,Rachel Jones,Female,50,Chennai,Savings,22-10-2019
CUST0757,Karen Morales DDS,Male,43,Madurai,Savings,18-08-2024
CUST0758,Melissa Stephens,Female,70,Trichy,Current,02-04-2020
CUST0759,Heather Woodard,Female,52,Erode,Savings,11-11-2015
CUST0760,Margaret Miller,Male,48,Salem,Current,26-03-2024
CUST0761,Mary Kelly,Male,34,Salem,Savings,26-10-2021
CUST0762,Amanda Terrell,Female,20,Chennai,Savings,10-03-2024
CUST0763,Jennifer Goodwin,Female,66,Tirunelveli,Current,05-02-2024
CUST0764,Jessica Smith,Female,59,Chennai,Savings,08-01-2023
CUST0765,Jorge Stone,Male,30,Coimbatore,Current,21-09-2023
CUST0766,Laura Griffin,Male,36,Tirunelveli,Savings,09-03-2016
CUST0767,Raymond Chapman,Female,40,Tirunelveli,Savings,25-06-2020
CUST0768,Haley Johnson,Male,67,Salem,Savings,19-09-2018
CUST0769,Jason Nixon,Female,21,Erode,Savings,21-11-2020
CUST0770,Todd Thomas,Female,59,Erode,Savings,08-03-2024
CUST0771,Jesse Clark,Female,39,Salem,Current,03-11-2016
CUST0772,Mr. Jeffrey Horton,Male,35,Coimbatore,Savings,27-01-2017
CUST0773,Eric Patrick,Male,25,Trichy,Current,16-04-2018
CUST0774,Samuel Wong,Male,69,Coimbatore,Current,04-08-2024
CUST0775,Carly Riggs,Male,41,Tirunelveli,Savings,06-07-2024
CUST0776,Christopher Moore,Female,45,Madurai,Current,26-07-2015
CUST0777,Tina Hall,Male,43,Madurai,Current,21-07-2016
CUST0778,Cody Davidson,Female,65,Chennai,Current,10-01-2019
CUST0779,Allen Mendez,Male,46,Coimbatore,Savings,25-01-2019
CUST0780,Kevin Price,Male,42,Coimbatore,Savings,28-08-2022
CUST0781,Christine Goodwin,Male,39,Erode,Current,17-03-2017
CUST0782,Amy Garcia,Female,29,Chennai,Current,09-12-2018
CUST0783,Chelsea Nguyen,Male,49,Erode,Current,03-08-2024
CUST0784,Dennis Huffman,Male,62,Tirunelveli,Savings,05-11-2022
CUST0785,Margaret Harper,Female,49,Trichy,Current,01-09-2016
CUST0786,Laurie Bailey,Female,41,Coimbatore,Savings,21-01-2018
CUST0787,Lisa Cervantes,Female,69,Erode,Savings,05-11-2015
CUST0788,Elizabeth Mendez,Female,51,Salem,Current,03-04-2023
CUST0789,Cesar Wilson,Female,35,Erode,Current,31-01-2021
CUST0790,Clayton Steele,Female,69,Coimbatore,Current,01-02-2016
CUST0791,Jennifer Taylor,Male,23,Trichy,Savings,05-12-2016
CUST0792,Cody Reid,Female,64,Coimbatore,Savings,08-09-2016
CUST0793,Maria Cooke,Male,45,Salem,Savings,13-05-2016
CUST0794,Katherine Taylor,Female,23,Madurai,Current,21-06-2018
CUST0795,Jerry Brown,Male,45,Tirunelveli,Savings,23-09-2019
CUST0796,Adam Taylor,Male,56,Madurai,Savings,07-12-2024
CUST0797,Tracey Wagner,Male,70,Trichy,Current,21-08-2016
CUST0798,Michael Perry PhD,Female,29,Trichy,Savings,22-03-2025
CUST0799,Bradley Johnson DDS,Female,52,Salem,Savings,25-04-2019
CUST0800,Donald Medina,Female,36,Erode,Current,04-11-2019
CUST0801,Jim Newton,Female,38,Madurai,Savings,17-05-2022
CUST0802,Krista Wilson,Male,24,Madurai,Current,16-01-2022
CUST0803,Reginald Morrow,Female,23,Madurai,Savings,12-02-2023
CUST0804,Rodney Williams,Female,38,Madurai,Savings,28-04-2022
CUST0805,Kimberly Fritz,Female,60,Salem,Current,22-10-2022
CUST0806,Ronald Potter,Male,36,Trichy,Current,28-10-2020
CUST0807,Zachary Cole,Female,37,Trichy,Savings,23-09-2015
CUST0808,Robert Gonzales,Female,46,Chennai,Savings,25-01-2022
CUST0809,Patricia Young PhD,Female,56,Tirunelveli,Current,15-06-2017
CUST0810,Heather Page,Female,63,Erode,Current,16-07-2024
CUST0811,Carol Taylor,Female,45,Trichy,Savings,17-07-2015
CUST0812,Daniel Brown,Female,28,Tirunelveli,Current,07-07-2016
CUST0813,Douglas Ryan,Female,62,Tirunelveli,Savings,27-05-2025
CUST0814,Michael Roberts,Male,46,Madurai,Savings,19-03-2016
CUST0815,Scott Duke,Male,40,Coimbatore,Savings,04-09-2016
CUST0816,Anna Estes,Female,46,Madurai,Current,11-07-2021
CUST0817,Tamara Riddle,Male,20,Madurai,Current,30-12-2023
CUST0818,Beth Cline,Female,64,Trichy,Savings,31-03-2017
CUST0819,Michael Poole,Male,40,Chennai,Savings,15-05-2020
CUST0820,Megan Burns,Female,57,Salem,Savings,26-07-2020
CUST0821,Debra Perry,Female,45,Tirunelveli,Current,29-11-2016
CUST0822,Mark Beard,Female,35,Coimbatore,Current,25-03-2020
CUST0823,Jose Ramirez,Female,58,Erode,Current,20-11-2022
CUST0824,Jackie Clements,Male,68,Coimbatore,Savings,06-12-2021
CUST0825,Aaron Schroeder,Female,21,Chennai,Current,01-03-2022
CUST0826,Monica Ellis,Male,22,Madurai,Current,19-12-2015
CUST0827,Heather Brown,Male,60,Salem,Current,04-07-2023
CUST0828,Claudia Jordan,Female,58,Salem,Current,06-02-2018
CUST0829,Derrick Clayton,Male,43,Salem,Current,07-07-2024
CUST0830,Kenneth Knight,Female,41,Erode,Savings,08-03-2019
CUST0831,Mr. Michael Williams,Male,50,Trichy,Current,05-10-2017
CUST0832,Richard Stevens,Female,69,Madurai,Savings,03-02-2022
CUST0833,Scott Alexander,Male,65,Coimbatore,Savings,22-09-2024
CUST0834,Tyler Harris,Male,61,Coimbatore,Current,16-06-2020
CUST0835,Bonnie Santos,Female,28,Madurai,Savings,22-11-2017
CUST0836,Timothy Hill,Male,19,Coimbatore,Savings,06-07-2020
CUST0837,Danielle Watson,Male,27,Trichy,Current,15-10-2021
CUST0838,Carol Sanders,Female,56,Salem,Savings,19-08-2015
CUST0839,Michael Young,Female,61,Tirunelveli,Current,09-11-2024
CUST0840,Michele Smith,Female,68,Coimbatore,Current,19-11-2024
CUST0841,Casey Perez,Female,46,Trichy,Savings,05-11-2017
CUST0842,Alexandra Dominguez,Male,20,Salem,Savings,15-07-2017
CUST0843,Virginia Henderson,Female,26,Erode,Current,25-02-2016
CUST0844,Benjamin Reyes,Female,22,Erode,Savings,12-07-2015
CUST0845,Ashley Edwards,Female,33,Madurai,Current,08-03-2025
CUST0846,Breanna Ayala,Female,67,Madurai,Savings,22-02-2022
CUST0847,Brandi Haney,Male,59,Tirunelveli,Savings,30-07-2024
CUST0848,Joseph Smith,Male,41,Tirunelveli,Savings,03-10-2024
CUST0849,Jessica Bowen,Male,41,Trichy,Current,20-11-2016
CUST0850,Brittany Jenkins,Female,42,Erode,Current,16-08-2020
CUST0851,Shannon Miller,Male,54,Erode,Savings,06-01-2019
CUST0852,Paul Lawrence,Male,20,Erode,Current,16-04-2021
CUST0853,Victor Edwards,Female,56,Trichy,Savings,16-01-2019
CUST0854,Donald Miller,Male,27,Trichy,Current,18-06-2022
CUST0855,Lindsay Lawson,Male,61,Coimbatore,Savings,28-02-2024
CUST0856,Melissa Abbott,Female,46,Erode,Savings,12-11-2017
CUST0857,Elizabeth Holmes,Male,41,Tirunelveli,Savings,07-03-2018
CUST0858,Nicole Phillips,Female,41,Madurai,Current,28-07-2018
CUST0859,Steven Blevins,Male,46,Coimbatore,Savings,13-03-2019
CUST0860,Brian Porter MD,Male,66,Coimbatore,Savings,28-09-2019
CUST0861,Vanessa Hatfield,Female,22,Erode,Current,30-09-2018
CUST0862,Bonnie Valencia,Male,54,Salem,Current,23-05-2017
CUST0863,Holly Vega,Female,26,Trichy,Current,11-07-2018
CUST0864,Tiffany Townsend,Female,51,Coimbatore,Current,03-02-2025
CUST0865,Austin Baker,Female,41,Salem,Savings,13-05-2016
CUST0866,Antonio Mccormick,Female,43,Erode,Savings,11-10-2024
CUST0867,Lori Mason,Male,38,Chennai,Savings,16-04-2023
CUST0868,Michael Miller,Male,59,Salem,Current,16-10-2024
CUST0869,Lisa Ramirez,Female,35,Chennai,Current,07-09-2016
CUST0870,Jorge Harris,Male,33,Tirunelveli,Savings,21-05-2020
CUST0871,Kimberly Myers,Male,25,Tirunelveli,Savings,02-08-2016
CUST0872,Sandra Becker,Male,19,Chennai,Current,15-09-2019
CUST0873,Michael Blair,Male,65,Tirunelveli,Savings,10-02-2017
CUST0874,Amy Miller,Female,29,Erode,Current,19-10-2018
CUST0875,Jesse Lynch,Male,49,Chennai,Savings,26-04-2025
CUST0876,Patrick Yang,Female,51,Tirunelveli,Current,24-09-2023
CUST0877,Michael Miles,Male,42,Chennai,Current,25-01-2021
CUST0878,Troy Mills,Male,53,Trichy,Savings,08-07-2021
CUST0879,Michelle Jackson,Female,25,Coimbatore,Savings,15-08-2017
CUST0880,Richard Adams,Female,34,Tirunelveli,Savings,07-06-2019
CUST0881,Patricia Johnson,Female,67,Erode,Savings,21-02-2017
CUST0882,Denise Brown,Female,34,Coimbatore,Savings,16-04-2020
CUST0883,Laura Jones,Male,63,Chennai,Current,17-08-2016
CUST0884,Ian Porter,Female,46,Erode,Savings,25-09-2018
CUST0885,Holly Scott,Female,31,Coimbatore,Current,05-11-2020
CUST0886,Kenneth Sharp,Male,57,Chennai,Savings,16-09-2023
CUST0887,Jordan Williams,Male,36,Coimbatore,Current,09-02-2023
CUST0888,Dana Ruiz,Female,62,Salem,Current,10-01-2021
CUST0889,Chris Velazquez,Female,49,Trichy,Current,22-08-2020
CUST0890,Kristen Sloan,Female,30,Madurai,Current,18-05-2025
CUST0891,Jennifer Morris,Female,25,Chennai,Current,12-01-2018
CUST0892,Nathan Nelson,Female,26,Salem,Savings,23-01-2025
CUST0893,Jake Shaw,Female,22,Erode,Current,31-01-2025
CUST0894,Cassie Brock,Female,46,Erode,Savings,22-08-2021
CUST0895,Dr. Andrea Marshall,Male,29,Salem,Current,27-10-2020
CUST0896,Ryan Murphy,Female,63,Trichy,Current,23-09-2022
CUST0897,Aimee Gonzalez,Female,46,Erode,Current,23-04-2018
CUST0898,Elizabeth Dean,Male,23,Trichy,Savings,11-07-2015
CUST0899,Kevin Snyder,Male,69,Chennai,Current,08-10-2020
CUST0900,Christie Mccullough,Female,61,Chennai,Savings,18-08-2019
CUST0901,Danielle Smith,Female,38,Salem,Current,18-03-2019
CUST0902,David Reed,Female,60,Salem,Current,10-11-2022
CUST0903,Sherry Tapia,Female,40,Trichy,Current,24-02-2020
CUST0904,Matthew Sweeney,Male,63,Chennai,Current,22-07-2021
CUST0905,Ashley Moreno,Female,22,Chennai,Savings,22-09-2017
CUST0906,Johnathan Brown,Female,53,Salem,Current,30-01-2021
CUST0907,Michelle Davis DVM,Male,52,Erode,Savings,10-08-2023
CUST0908,Kelly Haynes,Male,36,Madurai,Savings,26-04-2023
CUST0909,William Miller,Female,37,Salem,Savings,07-01-2023
CUST0910,Casey Wilkins,Female,28,Madurai,Savings,18-07-2021
CUST0911,Keith Graham,Male,63,Chennai,Current,21-08-2020
CUST0912,Cynthia Green,Female,63,Salem,Current,22-09-2023
CUST0913,Robert Haynes,Male,62,Tirunelveli,Savings,28-10-2024
CUST0914,Emily Nelson,Male,58,Erode,Savings,17-04-2017
CUST0915,Dale Chan,Female,29,Erode,Current,07-06-2018
CUST0916,Brittney Martin,Male,68,Trichy,Current,01-11-2016
CUST0917,Jason Herrera,Male,41,Tirunelveli,Current,19-03-2020
CUST0918,Christine Parker,Male,50,Coimbatore,Savings,27-10-2017
CUST0919,Bryan Moore,Female,32,Chennai,Current,08-08-2024
CUST0920,Samantha Terry,Female,25,Chennai,Current,13-10-2018
CUST0921,Russell Murphy,Male,30,Salem,Savings,02-12-2019
CUST0922,David Kelly,Female,68,Coimbatore,Current,28-09-2016
CUST0923,Megan Green,Male,26,Coimbatore,Savings,21-09-2016
CUST0924,Amanda Sullivan MD,Male,33,Coimbatore,Savings,04-10-2015
CUST0925,Danielle Murray,Female,68,Salem,Savings,26-01-2024
CUST0926,Brenda Smith,Female,49,Salem,Current,21-12-2015
CUST0927,Vickie Anderson,Female,19,Madurai,Savings,04-05-2025
CUST0928,Jacqueline Mccoy,Male,41,Tirunelveli,Savings,16-04-2025
CUST0929,Lauren Green,Male,53,Madurai,Savings,02-05-2022
CUST0930,Alison Brown,Male,54,Madurai,Savings,23-01-2019
CUST0931,Jill Anderson,Female,41,Tirunelveli,Savings,24-01-2016
CUST0932,Sandra Rivera,Female,47,Trichy,Savings,28-10-2024
CUST0933,Joel Jackson,Male,69,Chennai,Current,16-11-2019
CUST0934,Samantha Foster,Female,53,Madurai,Savings,08-09-2024
CUST0935,Michael Thompson,Female,26,Trichy,Current,15-08-2024
CUST0936,Cody Ramirez,Female,57,Trichy,Savings,22-06-2023
CUST0937,Amanda Harvey,Female,23,Salem,Savings,20-12-2017
CUST0938,Edward Jenkins,Male,22,Coimbatore,Current,31-08-2021
CUST0939,Amy Ramirez,Female,37,Erode,Current,12-02-2022
CUST0940,Curtis Wilkerson,Male,43,Coimbatore,Savings,29-03-2019
CUST0941,Lydia Pham,Male,63,Madurai,Savings,23-05-2020
CUST0942,Virginia Casey,Male,64,Erode,Current,19-09-2017
CUST0943,Joshua Washington,Female,48,Tirunelveli,Current,07-05-2023
CUST0944,Kathryn Price,Female,51,Tirunelveli,Current,19-12-2023
CUST0945,Francis Robinson,Male,44,Chennai,Current,15-02-2024
CUST0946,Paula Brown,Female,67,Erode,Current,24-12-2016
CUST0947,Kendra Wang DVM,Male,44,Tirunelveli,Savings,11-03-2022
CUST0948,Ariel Sandoval,Female,70,Erode,Current,18-08-2021
CUST0949,Robert Stark,Male,54,Tirunelveli,Savings,26-12-2023
CUST0950,Zachary Robinson,Female,22,Chennai,Current,15-08-2015
CUST0951,Rebecca Kelly,Female,26,Chennai,Savings,04-07-2019
CUST0952,Sarah Thompson,Female,38,Trichy,Savings,06-04-2018
CUST0953,Renee Wolfe,Female,59,Trichy,Savings,09-03-2024
CUST0954,Alyssa Haynes,Female,22,Trichy,Savings,30-10-2017
CUST0955,Kristy Hart,Male,46,Salem,Savings,12-01-2023
CUST0956,William Keith,Male,47,Trichy,Current,24-02-2018
CUST0957,Eric Henry Jr.,Female,61,Chennai,Current,28-06-2018
CUST0958,Daniel Fox,Male,51,Erode,Current,28-01-2025
CUST0959,Thomas Harris,Female,40,Chennai,Current,24-01-2025
CUST0960,Mitchell Sellers,Male,26,Erode,Current,05-12-2017
CUST0961,Erica Johnson,Male,67,Coimbatore,Current,01-09-2023
CUST0962,Sylvia Schroeder,Female,53,Chennai,Current,18-07-2021
CUST0963,Shannon Yu,Female,58,Trichy,Savings,17-02-2016
CUST0964,Tom Foster,Female,55,Tirunelveli,Savings,01-03-2019
CUST0965,Eric Taylor,Male,29,Trichy,Current,27-09-2023
CUST0966,Travis Conner,Male,67,Erode,Current,21-05-2019
CUST0967,Marie Thompson,Male,26,Tirunelveli,Savings,05-07-2016
CUST0968,Melissa Mcfarland,Male,45,Madurai,Current,09-12-2019
CUST0969,Courtney Chapman,Female,50,Salem,Savings,22-09-2021
CUST0970,Eric Barker,Female,21,Tirunelveli,Current,04-06-2019
CUST0971,Nicholas Rush,Male,25,Chennai,Current,03-03-2016
CUST0972,Jenna Gamble,Male,51,Salem,Savings,16-12-2018
CUST0973,Amanda Guzman,Male,27,Chennai,Savings,02-04-2024
CUST0974,Tracy Walker,Male,37,Coimbatore,Current,02-08-2021
CUST0975,Taylor Taylor,Female,28,Coimbatore,Current,16-01-2022
CUST0976,Cynthia Haas,Female,28,Tirunelveli,Current,07-06-2023
CUST0977,Stephen Davis,Female,38,Erode,Savings,06-03-2023
CUST0978,Margaret Tanner,Female,63,Salem,Current,25-03-2016
CUST0979,Derek Wright,Male,32,Trichy,Current,13-02-2016
CUST0980,David Rodriguez,Female,40,Madurai,Current,14-12-2020
CUST0981,James Oconnor,Male,51,Chennai,Current,13-03-2017
CUST0982,Stacey Snyder,Female,36,Chennai,Current,23-04-2024
CUST0983,Joshua Garcia,Female,23,Erode,Savings,04-02-2020
CUST0984,Sean Curtis,Female,34,Madurai,Savings,03-12-2019
CUST0985,Carla Jones,Male,30,Salem,Savings,14-04-2025
CUST0986,Elizabeth Flores,Female,58,Salem,Current,13-09-2024
CUST0987,Angela Jackson,Male,53,Erode,Current,20-02-2025
CUST0988,Nicholas Payne,Female,35,Chennai,Current,26-05-2018
CUST0989,Anna Wheeler,Female,26,Coimbatore,Current,06-11-2021
CUST0990,Karen Johnson,Male,58,Tirunelveli,Current,18-11-2021
CUST0991,Carmen Preston,Female,37,Madurai,Savings,27-08-2021
CUST0992,Brian Harris,Male,57,Chennai,Savings,09-06-2025
CUST0993,Michael Bowen,Female,52,Coimbatore,Current,06-10-2016
CUST0994,Deborah Campbell,Female,23,Salem,Savings,25-03-2024
CUST0995,Anthony Armstrong,Male,50,Coimbatore,Current,21-09-2019
CUST0996,Brittany Ward,Female,59,Tirunelveli,Current,04-11-2021
CUST0997,Edward Stanley,Female,28,Tirunelveli,Current,27-03-2019
CUST0998,Christina Johnson,Male,55,Erode,Savings,23-03-2024
CUST0999,Edgar Miller,Male,55,Tirunelveli,Savings,06-05-2022
CUST1000,Elizabeth Sanders,Female,27,Trichy,Savings,11-06-2021
